City,State,Country,Cost of Living Plus Rent Index,CLI,Rent Index,Groceries Index,Restaurant Price Index,Local Purchasing Power Index,Leverage Model 1,Leverage Model 2,Rank
Zurich,, Switzerland,108.77,149.53,66.76,163.71,140.58,126.3,0.042957244,0.041121403,1
Zug,, Switzerland,105.54,142.54,67.39,148.36,143.18,105.62,0.03492821,0.034619091,3
Geneva,, Switzerland,106.73,142.12,70.25,147.13,138.96,115.2,0.030242079,0.030231749,4
Basel,, Switzerland,97.47,142.02,51.54,149.54,131.72,113.13,0.038061102,0.032146302,5
Bern,, Switzerland,91.11,135.51,45.33,145.72,122.48,101.65,0.040244975,0.032730823,6
Lausanne,, Switzerland,93.56,131.38,54.56,136.95,127.87,112.33,0.02535024,0.023312771,7
Reykjavik,, Iceland,93.89,130.73,55.9,128.37,140.61,68.49,0.040449229,0.039682113,8
Lugano,, Switzerland,88.62,124.39,51.73,120.83,127.53,108.92,0.018971007,0.017709565,9
Stavanger,, Norway,77.8,116.98,37.4,107.72,142.61,101,0.038674986,0.030685056,10
Trondheim,, Norway,79.22,116.02,41.27,110.1,128.03,93.68,0.024268469,0.020465826,11
Oslo,, Norway,81.9,114.78,47.99,111.48,126.2,86.67,0.0222531,0.021228758,12
Bergen,, Norway,76.68,112.66,39.58,106.84,117.45,87.68,0.019049099,0.016157028,13
Nassau,, Bahamas,74.04,109.58,37.4,103.09,99.27,43.82,0.024853843,0.023942444,14
Honolulu, HI, United States,84.44,103.32,64.98,121.83,88.49,84.93,0.027063667,0.023629938,15
San Francisco, CA, United States,110.65,101.94,119.63,116.73,93.57,104.4,0.093795698,0.01450106,16
Anchorage, AK, United States,72.2,101.9,41.57,109.58,88.67,130.22,0.01274194,0.011453265,17
Brooklyn, NY, United States,89.47,101.06,77.52,105.51,106.84,82.64,0.026610192,0.013229384,18
New York, NY, United States,100,100,100,100,100,100,0.054614485,0.007620946,19
Rockville, MD, United States,80.39,98.81,61.4,97.2,71.68,135.58,0.018392024,0.012779408,20
Tokyo,, Japan,68.65,97.71,38.68,107.25,57.87,93.49,0.02624137,0.026175923,21
Copenhagen,, Denmark,73.74,97.14,49.61,78.25,113.91,93.39,0.021239539,0.020618939,22
Washington, DC, United States,85.31,95.96,74.32,96.97,90.78,107.86,0.020076006,0.00569121,23
New Haven, CT, United States,70.95,94.1,47.09,112.78,91.54,114.53,0.012088156,0.011859274,24
Berkeley, CA, United States,85.24,93.86,76.36,109.86,81.71,87.37,0.031159394,0.015316651,25
Seattle, WA, United States,79.6,93.31,65.46,98.17,86.72,121.29,0.013270418,0.006628336,26
Arlington, VA, United States,80.67,93.17,67.79,93.16,85.61,117.45,0.015176975,0.005290269,27
Aalborg,, Denmark,59.24,92.12,25.34,77.34,104.6,89.9,0.018448825,0.014159399,28
Tel Aviv-Yafo,, Israel,71.12,92.09,49.51,80.75,96.79,93,0.009410207,0.008092522,29
Santa Rosa, CA, United States,73.76,91.92,55.04,97.22,78.7,116.21,0.009799535,0.007508941,30
Sydney,, Australia,79.08,91.42,66.35,88.91,75.94,102.69,0.016967537,0.004592599,31
Limerick,, Ireland,58.5,91.28,24.7,90.69,80.66,80.06,0.009924642,0.006161758,32
Stockholm,, Sweden,67.46,91.21,42.98,87.98,91.35,88.09,0.005893897,0.005854222,33
Bellevue, WA, United States,79.75,91.18,67.97,97.99,80.55,138.68,0.0188986,0.010320385,34
Perth,, Australia,65.89,91.03,39.98,89.61,94.19,105.98,0.005647044,0.005403527,35
Auckland,, New Zealand,68.07,90.97,44.46,86.28,77.66,90.77,0.00463637,0.00397848,36
Oakland, CA, United States,84.8,90.73,78.69,97.63,84.79,91.15,0.028698929,0.007072885,37
Jerusalem,, Israel,64.15,90.73,36.74,75.74,99.24,73.51,0.013615995,0.013566181,38
Miami, FL, United States,77.27,90.68,63.46,93.95,98.47,89.18,0.013855,0.00788708,39
Boston, MA, United States,84.41,90.23,78.41,93.76,87.59,112.94,0.025326903,0.005096768,40
Hamilton,, New Zealand,58.53,90.22,25.86,84.08,86.07,122.44,0.009503306,0.005307316,41
Paris,, France,68.23,89.98,45.8,87.3,88.3,89.07,0.00552048,0.005071131,42
Darwin,, Australia,68,89.91,45.41,91.03,95.6,97.2,0.006163811,0.006123492,43
London,, United Kingdom,81.48,89.34,73.37,67.7,96.34,77.75,0.038866285,0.014505137,44
Cairns,, Australia,59.35,88.52,29.28,87.81,80.18,78.43,0.006991181,0.005554531,45
Dublin,, Ireland,71.83,88.49,54.65,73.25,91.98,82.09,0.014377339,0.008878764,46
Charleston, SC, United States,68.92,88.41,48.83,98.58,78.7,111.13,0.008316899,0.007839623,47
Linz,, Austria,58.8,88.39,28.3,86.61,84.92,81.61,0.007359649,0.005293581,48
Amsterdam,, Netherlands,70.07,88.25,51.33,75.16,92.24,85.23,0.011341606,0.008102431,49
Singapore,, Singapore,77.69,88.07,66.99,81.34,61.4,88.14,0.024670721,0.005079733,50
Philadelphia, PA, United States,68.83,87.74,49.34,91.14,80.92,115.92,0.006060009,0.005160971,51
Luxembourg,, Luxembourg,71.32,87.43,54.71,76.46,97.79,104.71,0.013147721,0.009658372,52
Melbourne, FL, United States,59.47,87.34,30.73,104.43,81.84,136.52,0.017009189,0.012075757,53
Helsinki,, Finland,63.88,87.24,39.8,76.39,92.69,99.09,0.007225206,0.007213961,54
Burlington, VT, United States,64.52,87.21,41.14,97.28,82.09,95.31,0.006906435,0.006858498,55
Arhus,, Denmark,59.79,87.12,31.61,67.21,99.8,102.14,0.016669083,0.015986024,56
Lyon,, France,56.22,87.04,24.45,86.32,79.12,85.83,0.007596876,0.004324703,57
Beersheba,, Israel,53.43,86.99,18.83,75.86,84.99,79.89,0.010524399,0.005501949,58
Tacoma, WA, United States,62.26,86.78,36.99,91.42,75.32,110.13,0.006002225,0.005774754,59
Antwerp,, Belgium,56.89,86.24,26.63,79.59,94.81,76.93,0.011921848,0.009333893,60
Adelaide,, Australia,60.14,86.08,33.39,86.53,78.04,105.84,0.004532563,0.0039046,62
Dusseldorf,, Germany,60.62,85.92,34.53,70.52,82.69,95.7,0.005068688,0.005066232,63
Seoul,, South Korea,60.05,85.89,33.41,107.03,47.48,84.05,0.03637437,0.036049131,64
Baltimore, MD, United States,66.93,85.65,47.62,91.75,82.5,109.07,0.005280469,0.004768036,65
Ramat Gan,, Israel,61.41,85.61,36.47,73.09,89.45,108.03,0.007243419,0.007207222,66
Christchurch,, New Zealand,58.7,85.39,31.18,83.29,80.42,76.59,0.005496149,0.00491591,67
Minneapolis, MN, United States,64.81,85.38,43.62,96.04,78.89,115.28,0.006936506,0.006932072,68
Boulder, CO, United States,70.38,85.34,54.96,90.71,79.07,130.31,0.009836441,0.007194445,69
Gent,, Belgium,55.76,85.32,25.28,77.08,90.47,82.14,0.00973724,0.007132993,70
San Jose, CA, United States,84.39,85.13,83.63,90.68,84.04,140.74,0.035161793,0.008582257,71
Queens, NY, United States,74.5,84.7,63.98,80.22,88.5,98.73,0.015336961,0.004831451,72
St. John's, NL, Canada,53.71,84.62,21.85,93.44,81.38,82.76,0.012788018,0.006710803,73
Brisbane,, Australia,63.62,84.56,42.04,82.3,80.38,110.56,0.003893789,0.00373199,74
Portland, ME, United States,62.74,84.53,40.28,91.22,89.26,98.86,0.004993879,0.004891435,75
Leuven,, Belgium,56.54,84.43,27.78,85.53,78.74,72.27,0.007343855,0.005875922,76
Hobart,, Australia,57.47,84.43,29.67,85.04,90.66,87.21,0.007710346,0.005743871,77
Chicago, IL, United States,70.81,84.39,56.81,83.89,83.68,118.59,0.009123687,0.004655075,78
Milan,, Italy,62.53,84.32,40.06,76.95,88.99,61.78,0.010366125,0.010065961,79
Akron, OH, United States,53.1,84.18,21.06,96.39,66.97,77.07,0.017359334,0.012338592,80
Frankfurt,, Germany,60.64,84.17,36.38,74.43,79.26,98.02,0.003422064,0.003409507,81
Olympia, WA, United States,58.13,84.07,31.38,92.66,73.7,171.26,0.02499205,0.021911866,82
Gothenburg,, Sweden,57.16,84.06,29.42,79.16,89.95,96.41,0.007107981,0.005508322,83
Wellington,, New Zealand,60.72,83.98,36.74,82.91,75.43,133.6,0.007650679,0.007503375,84
Hartford, CT, United States,63.65,83.7,42.97,86.3,86.72,101.18,0.004185296,0.004109389,85
Florence,, Italy,56.54,83.56,28.68,73.49,84.31,56.89,0.009993867,0.009589706,86
Saskatoon,, Canada,56.21,83.15,28.44,90.72,71.67,83.67,0.00830783,0.006778241,87
Reading,, United Kingdom,61.84,83.15,39.87,71.07,93.22,102.32,0.009651712,0.009572143,88
Allentown, PA, United States,59.22,83.1,34.6,90.72,70.47,93.39,0.006686909,0.006454226,89
The Hague (Den Haag),, Netherlands,58.26,83.07,32.69,69.21,88.64,94.94,0.008133342,0.007977246,90
Haifa,, Israel,52.8,82.9,21.77,69.55,90.85,114.85,0.014278219,0.009971657,91
Aberdeen,, United Kingdom,57.66,82.82,31.71,70.07,94.86,102.77,0.011632089,0.010997582,92
Canberra,, Australia,63.52,82.81,43.63,82.67,80.31,118.74,0.004831617,0.004555084,93
Irvine, CA, United States,74.33,82.79,65.6,88.68,79,126.76,0.016069495,0.006254584,94
Sacramento, CA, United States,63.45,82.76,43.53,87.64,75.56,121.89,0.006061073,0.005885544,95
Everett, WA, United States,62.27,82.76,41.16,94.42,72.62,100.36,0.007483727,0.007471388,96
Brussels,, Belgium,58.8,82.68,34.19,74.25,90.76,86.75,0.007681027,0.007534205,97
Fort Collins, CO, United States,61.98,82.53,40.78,95.23,71.33,63.35,0.012880581,0.012728003,98
Halifax,, Canada,55.72,82.49,28.13,89.36,82.37,78.76,0.008166148,0.005995693,99
Cambridge,, United Kingdom,63.57,82.43,44.13,69.24,93.5,93.6,0.011583401,0.010619856,100
Genoa,, Italy,52.13,82.35,20.97,75.05,78,57,0.009690886,0.007331982,101
New Orleans, LA, United States,62.01,82.33,41.07,85.51,84.97,101.33,0.003871751,0.003860881,102
Pittsburgh, PA, United States,61.09,82.25,39.28,84.36,74.44,131.51,0.007306285,0.007302357,103
Tampere,, Finland,54.67,82.15,26.35,71.95,87.94,94.02,0.008355687,0.006648332,104
Los Angeles, CA, United States,74.94,82.11,67.55,82.06,84.13,118.09,0.017587387,0.004731657,105
Turku,, Finland,54,82.07,25.07,73.27,86.38,105.86,0.008394309,0.005872421,106
Hamburg,, Germany,57.3,81.95,31.88,70.58,71.82,95.78,0.002658625,0.002648123,107
Orlando, FL, United States,61.32,81.87,40.14,89.93,77.83,117.11,0.005436212,0.005417834,108
Portland, OR, United States,67.06,81.72,51.94,85.72,71.25,122.71,0.009432492,0.006517336,109
Maastricht,, Netherlands,56.24,81.71,29.99,75.19,80.65,90.25,0.004161212,0.00363585,110
Denver, CO, United States,68.12,81.71,54.11,84.5,79.32,129.35,0.009382151,0.006282538,111
Saint Paul, MN, United States,60.22,81.64,38.14,88.63,73.01,88.16,0.005289177,0.005287537,112
Cork,, Ireland,59.61,81.57,36.96,68.09,86.58,88.99,0.007637405,0.007536684,113
Asheville, NC, United States,59.25,81.19,36.62,95.78,69.44,129.28,0.012418094,0.011920827,114
Santa Barbara, CA, United States,75.91,81.14,70.52,80.42,86.66,176.22,0.034293499,0.022334851,115
Toulouse,, France,53.31,81,24.76,78.82,79.73,102.14,0.005914319,0.003248127,116
Indianapolis, IN, United States,56.1,80.87,30.57,86.66,76.61,85.5,0.005375556,0.00447531,117
Red Deer,, Canada,53.67,80.82,25.67,79.29,78.42,91.82,0.005038703,0.003063538,118
Lund,, Sweden,51.87,80.82,22.03,77.83,81.28,102.88,0.007551745,0.003549933,119
Lethbridge, AB, Canada,52.97,80.81,24.26,82.39,61.44,96.37,0.007247904,0.00558911,120
Utrecht,, Netherlands,59.67,80.7,37.98,68.94,90.5,93.44,0.009138516,0.009065044,121
Jersey City, NJ, United States,74.46,80.7,68.03,81.67,78.18,140.69,0.022161528,0.009002786,122
Atlanta, GA, United States,62.72,80.68,44.2,86.13,77.17,136.03,0.008191776,0.008033597,123
Padova,, Italy,51.6,80.46,21.85,68.41,80.4,63.35,0.009007327,0.007368211,124
Munich,, Germany,61.67,80.31,42.45,67.7,77.84,108.18,0.006501472,0.005242079,125
Eugene, OR, United States,56.19,80.22,31.42,94.92,67.22,108.26,0.011208862,0.009983946,126
Oxford,, United Kingdom,65.86,80.09,51.18,64.02,79.84,74.67,0.013791277,0.006759628,127
San Diego, CA, United States,70.49,79.89,60.79,83.15,78.95,129.95,0.01365351,0.006396062,128
Cleveland, OH, United States,55.33,79.64,30.27,78,79.61,112.89,0.004981056,0.004040338,129
West Palm Beach, FL, United States,62.16,79.61,44.16,85.54,78.17,108.9,0.004283592,0.003890036,130
Osaka,, Japan,52.25,79.56,24.08,80.91,44.73,94.8,0.013443724,0.01283195,131
Detroit, MI, United States,58.48,79.5,36.81,82.7,67.57,124.39,0.007120616,0.00711569,132
Jacksonville, FL, United States,56.95,79.48,33.71,86.89,72.29,95.46,0.004790741,0.004524518,133
Milwaukee, WI, United States,56.93,79.48,33.67,81.2,75.73,127.22,0.006504996,0.00605522,134
Barrie,, Canada,53.09,79.28,26.09,81.44,76.13,94.54,0.004989189,0.003039064,135
Hong Kong,, Hong Kong,80.93,79.24,82.67,83.4,56.3,74.04,0.052907416,0.008508182,136
Gold Coast,, Australia,58.79,79.24,37.71,81.07,72.99,110.96,0.003877578,0.003870849,137
Malmo,, Sweden,53.58,79.24,27.11,76.99,83.08,106.32,0.006055325,0.004147577,138
Fayetteville, AR, United States,51.43,79.07,22.93,88.7,67.54,80.29,0.010128831,0.007113961,139
Waterloo,, Canada,53.82,79.02,27.85,80.05,69.05,111.27,0.005401055,0.004267514,140
Greensboro, NC, United States,52.53,78.98,25.26,90.06,61.02,133.43,0.017538233,0.014389997,141
Tampa, FL, United States,61.98,78.92,44.51,85.17,80.01,102.73,0.004030042,0.003551458,142
Bergamo,, Italy,50.28,78.83,20.86,67.3,88.8,73.7,0.01313061,0.01028395,143
Memphis, TN, United States,54.19,78.8,28.82,84.63,73.14,125.81,0.008283786,0.006439166,144
Newcastle,, Australia,60.18,78.76,41.02,80.92,83.53,119.36,0.004945239,0.004919855,145
Galway,, Ireland,55.81,78.64,32.27,70.26,78.87,98.66,0.004150157,0.004084108,146
Rome,, Italy,59.7,78.6,40.21,71.13,81.95,59.82,0.00925072,0.008236809,147
Edinburgh,, United Kingdom,55.99,78.57,32.71,71.7,79.39,93.93,0.003854163,0.003801858,148
Plano, TX, United States,59.68,78.55,40.22,78.1,66.46,149.09,0.013947336,0.013809785,149
Grand Rapids, MI, United States,55.96,78.54,32.68,82.13,72.53,122.5,0.006124166,0.005622996,150
Parma,, Italy,51.02,78.4,22.79,64.52,93.46,72.13,0.016957787,0.014888985,151
Saint Petersburg, FL, United States,59.99,78.32,41.09,82.17,79.2,133.67,0.007196558,0.007184098,152
Nashville, TN, United States,62.69,78.28,46.63,83.87,74.48,116.83,0.005826238,0.004727999,153
Little Rock, AR, United States,52.29,78.2,25.58,90.26,66.91,111.23,0.010850133,0.007940051,154
Austin, TX, United States,65.18,78.12,51.84,81.79,77.67,122.65,0.007940563,0.005137764,155
Eindhoven,, Netherlands,55.21,77.8,31.93,60.84,89.83,101.65,0.013434743,0.013369088,156
Des Moines, IA, United States,55.19,77.79,31.89,92.55,65.1,84.89,0.010134565,0.009661408,157
Uppsala,, Sweden,52.65,77.78,26.74,68.2,84.22,98.13,0.00752793,0.006441993,158
Fort Lauderdale, FL, United States,65.42,77.71,52.75,79.97,78.35,102.52,0.007226297,0.003130237,159
Harrisburg, PA, United States,52.5,77.53,26.7,88.04,66.89,116.75,0.009952703,0.007643352,160
Rotterdam,, Netherlands,54.6,77.47,31.02,61.07,85.16,97.14,0.010253887,0.010206775,161
Bologna,, Italy,51.45,77.24,24.86,70.57,81.97,66.96,0.0080811,0.006987397,162
Fresno, CA, United States,54.78,77.15,31.72,78.07,77.2,131.93,0.007906254,0.007124036,163
Syracuse, NY, United States,53.09,76.96,28.49,81.82,65.68,84.89,0.004856566,0.004329383,164
Lille,, France,50.61,76.74,23.66,67.3,72.73,83.01,0.004034492,0.003107805,165
Coventry,, United Kingdom,51.18,76.71,24.87,65.03,68.85,106.76,0.004809973,0.004141505,166
Heidelberg,, Germany,55.78,76.57,34.35,67.21,67.16,121.62,0.006389296,0.006324786,167
Nottingham,, United Kingdom,50.48,76.43,23.73,68.24,73.62,95.28,0.004462649,0.003201594,168
Victoria,, Canada,56.21,76.43,35.37,82.8,70.21,100.1,0.00378514,0.003770473,169
Charlotte, NC, United States,58.66,76.42,40.35,80.07,75.86,99.98,0.003189984,0.002954184,170
Richmond, VA, United States,56.68,76.27,36.48,88.48,65.84,110.98,0.007570436,0.007539481,171
Buffalo, NY, United States,53.27,76.25,29.56,76.76,74.27,93.86,0.003117674,0.002627215,172
York,, United Kingdom,52.44,76.24,27.91,67.26,83.31,101.79,0.007341081,0.006603132,173
Trieste,, Italy,48.9,76.2,20.74,72.81,83.25,80.27,0.008683496,0.005348271,174
Calgary,, Canada,54.29,76.09,31.82,76.3,70.71,117.87,0.004948421,0.004698298,175
Vienna,, Austria,54.19,75.98,31.71,72.42,70.77,88.36,0.002354397,0.002343739,176
Brighton,, United Kingdom,59.03,75.98,41.55,60.75,84.26,76.23,0.012191754,0.010275864,177
Dayton, OH, United States,48.92,75.86,21.14,87.31,59.68,92.25,0.011782927,0.008519959,178
Augusta, GA, United States,48.59,75.83,20.52,83.71,65.58,100.72,0.008964349,0.005037404,179
Newark, NJ, United States,56.73,75.82,37.05,68.82,85.79,96.8,0.006896835,0.006832728,180
Raleigh, NC, United States,57.23,75.81,38.07,87.07,71.67,137.76,0.009947357,0.009852887,181
Greenville, SC, United States,56.15,75.75,35.94,85.7,67.11,116.46,0.006765084,0.006716652,182
Saint Louis, MO, United States,53.24,75.57,30.21,79.36,71.65,138.13,0.010200786,0.009127626,183
Edmonton,, Canada,52.68,75.51,29.15,77.57,68.17,97.38,0.003333185,0.002910543,184
Birmingham, AL, United States,52.1,75.32,28.16,78.05,74.72,130.74,0.008549907,0.006932446,185
Nantes,, France,48.9,75.22,21.77,69.74,75.54,103.53,0.006228073,0.003781518,186
Sliema,, Malta,53.23,75.21,30.56,68.97,78.48,67.89,0.005826677,0.005804622,187
Glasgow,, United Kingdom,52.08,75.2,28.24,64.82,82.93,99.45,0.007805661,0.007331544,188
Bristol,, United Kingdom,56.72,75.15,37.72,64.98,85.55,90.65,0.008609023,0.008303029,189
Norwich,, United Kingdom,50.2,75.1,24.54,59.03,77.77,77.85,0.00785396,0.007477431,190
Manchester,, United Kingdom,52.53,75.02,29.34,64.27,83.63,82.15,0.008069471,0.007917754,191
Shreveport, LA, United States,49.83,75.01,23.88,83.48,67.61,66.12,0.008308679,0.006662348,192
Graz,, Austria,49.38,74.98,22.98,72.61,62.51,96.54,0.004049087,0.002837485,193
Houston, TX, United States,59.8,74.95,44.18,79.6,72.1,147.15,0.012301918,0.011821114,194
Groningen,, Netherlands,51.56,74.95,27.45,64.61,83.66,90.22,0.008061615,0.007539648,195
Durham, NC, United States,55.3,74.94,35.04,82.87,65.67,150.01,0.015114928,0.014882127,196
Louisville, KY, United States,51.97,74.89,28.35,87.46,64.14,106.05,0.008542981,0.007308455,197
Vancouver,, Canada,62.06,74.67,49.07,80.43,68.51,81.79,0.007573727,0.003671834,198
Columbia, SC, United States,52.67,74.6,30.07,84.2,69.25,73.57,0.00597677,0.005603606,199
Stuttgart,, Germany,53.36,74.52,31.54,56.92,72.24,114.35,0.009054532,0.009007593,200
Tallahassee, FL, United States,52.42,74.38,29.79,86.14,59.97,89.04,0.008148507,0.007780743,201
Mississauga,, Canada,54.99,74.34,35.04,74.52,65.37,90.91,0.002686177,0.002545127,202
Rochester, NY, United States,52.32,74.12,29.85,80.49,73.53,121.55,0.00626494,0.005197696,203
Las Vegas, NV, United States,52.77,74.03,30.85,70.97,77.69,137.36,0.010614271,0.010006419,204
San Juan,, Puerto Rico,51.4,73.99,28.12,74.15,67.26,89.06,0.002672291,0.002367567,205
Dubai,, United Arab Emirates,72.95,73.95,71.92,65.13,65.95,101.67,0.033146519,0.003249456,206
Spokane, WA, United States,50.73,73.72,27.02,77.5,67.93,108.18,0.004764872,0.003734625,207
Manchester, NH, United States,53.93,73.64,33.62,81.09,67.9,102.95,0.003961893,0.003901927,208
Salem, OR, United States,51.89,73.33,29.8,76.12,73.66,90.58,0.002939846,0.00258217,209
Cincinnati, OH, United States,53.12,73.22,32.4,72.84,70.24,108.68,0.00350107,0.003463487,210
Kelowna,, Canada,53.31,73.2,32.8,78.56,67.77,95.08,0.003078404,0.003046121,211
Fredericton,, Canada,46.28,73.1,18.62,76.98,70.32,88.24,0.006555584,0.002615528,212
Tulsa, OK, United States,51.43,73.08,29.11,79.06,65.4,108.64,0.005013519,0.004469604,213
Fort Worth, TX, United States,54.48,73.02,35.36,75.47,67.27,138.85,0.010147875,0.010139001,214
Regina,, Canada,50.43,73.02,27.15,76.75,65.63,97.16,0.003721457,0.00306793,215
Lexington, KY, United States,50.78,73.01,27.86,77.85,64.7,104.85,0.00462005,0.003978376,216
Gatineau,, Canada,46.23,72.96,18.66,80.92,65.61,96.95,0.008345359,0.004006644,217
Chattanooga, TN, United States,50.39,72.94,27.14,80.35,65.89,116.33,0.006926527,0.005654915,218
Montevideo,, Uruguay,46.9,72.91,20.09,58.79,74.81,29.29,0.016098685,0.015638226,219
Toronto,, Canada,57.99,72.88,42.64,69.07,69.34,103.98,0.005054675,0.003197893,220
Virginia Beach, VA, United States,55.24,72.88,37.05,75.53,69.37,126.81,0.006617158,0.006587063,221
Southampton,, United Kingdom,52.33,72.77,31.26,61.49,76.78,95.25,0.006051596,0.006049683,222
Nanaimo, BC, Canada,48.38,72.64,23.36,81.24,60.16,85.7,0.006957846,0.005441204,223
Karlsruhe,, Germany,48.99,72.62,24.63,54.69,78.94,113.65,0.013427081,0.012821811,224
Wichita, KS, United States,49.08,72.56,24.87,78.53,68.65,94.16,0.004449953,0.002928254,225
Columbus, OH, United States,53.68,72.48,34.29,72.85,65.5,127.65,0.007357225,0.007356969,226
Bilbao,, Spain,50.93,72.42,28.78,67.13,72.53,78.55,0.003339538,0.003281799,227
London,, Canada,48.74,72.36,24.38,72.67,66.58,94.42,0.003411473,0.002386672,228
Leeds,, United Kingdom,50.52,72.34,28.02,63.62,80.12,92.16,0.006668864,0.00638905,229
Fremont, CA, United States,72.09,72.33,71.85,64.86,76.33,139.47,0.036301058,0.012755512,230
Berlin,, Germany,51.71,72.32,30.47,61.25,59.88,96.65,0.003156962,0.002997176,231
Bonn,, Germany,50.37,72.23,27.82,56.55,68.41,98.18,0.005583268,0.005583187,232
Fort Myers, FL, United States,51.67,72.08,30.63,79.19,64.03,71.17,0.004846113,0.004815154,233
Bakersfield, CA, United States,50.47,72.08,28.2,75.73,68.96,110.66,0.004476358,0.003769738,234
Sheffield,, United Kingdom,48.41,72.06,24.02,55.84,82.37,104.15,0.013279755,0.012445375,235
Naples,, Italy,46.54,71.97,20.33,70.24,61.38,47.72,0.007267445,0.006468942,236
Fort Wayne, IN, United States,47.29,71.94,21.88,81.86,68.39,127.49,0.011556486,0.00738204,237
Quebec City,, Canada,45.27,71.94,17.78,76.11,64.92,101.72,0.007488963,0.003361141,238
Winnipeg,, Canada,48.58,71.85,24.59,73.05,67.34,91.56,0.00329063,0.002299815,239
Cologne,, Germany,50.07,71.65,27.81,55.35,69.27,111,0.008278367,0.008268481,240
Turin,, Italy,46.91,71.63,21.43,61.23,74.34,73.54,0.006411746,0.005458975,241
Phoenix, AZ, United States,52.04,71.45,32.02,67.59,77.01,122.68,0.007514666,0.007395549,242
Ann Arbor, MI, United States,56.99,71.41,42.12,72.37,62.74,152.98,0.017285166,0.016450973,243
Vancouver, WA, United States,52.19,71.41,32.38,69.54,67.33,114.44,0.004574181,0.004572778,244
Taipei,, Taiwan,46.19,71.4,20.2,90.68,33.04,98.3,0.033649038,0.031725575,245
Surrey,, Canada,50.79,71.37,29.56,75.26,65.61,74.38,0.003308593,0.00325446,246
Guelph,, Canada,50.15,71.22,28.42,70.26,68.49,96.81,0.002695577,0.002482869,247
Windsor,, Canada,46.04,71.18,20.12,66.44,62.45,106.15,0.005400311,0.003670687,248
Ottawa,, Canada,51.52,71.16,31.28,68.1,73.36,110.28,0.004582336,0.004518259,249
Newcastle Upon Tyne,, United Kingdom,48.17,70.97,24.67,56.47,79.46,105.44,0.011279348,0.010663334,250
Pensacola, FL, United States,49.78,70.9,28,75.85,64.15,116.64,0.006015504,0.005387259,251
Kingston,, Canada,49.9,70.82,28.33,72.66,62.66,86.31,0.002584659,0.002485015,252
Madison, WI, United States,54.26,70.79,37.22,70.54,69.64,120.06,0.005678482,0.005480797,253
Nuremberg,, Germany,47.49,70.68,23.59,55.33,70.2,120.3,0.011142774,0.010566753,254
Birmingham,, United Kingdom,49.41,70.65,27.5,58.41,76.05,95.4,0.007221534,0.007126162,255
Cardiff,, United Kingdom,48.59,70.64,25.85,67.39,70.64,95.26,0.003390738,0.00285792,256
Moncton,, Canada,44.83,70.55,18.32,71.92,64.2,94.85,0.005434856,0.002491952,257
Dallas, TX, United States,54.78,70.47,38.6,69.25,68.82,171.08,0.024368164,0.024305971,258
Montreal,, Canada,48.03,70.42,24.94,74.77,65.86,99.17,0.003963965,0.002874228,259
Palma De Mallorca,, Spain,46.31,70.38,21.48,62.43,66.72,72.7,0.003674048,0.003032448,260
Toledo, OH, United States,46.13,70.34,21.16,65.31,59.33,122.39,0.00874699,0.007326156,261
Gainesville, FL, United States,49.52,70.31,28.09,74.31,62.58,89.78,0.003001742,0.002807649,262
Salt Lake City, UT, United States,53.67,70.3,36.53,70.54,71.5,137.74,0.009950575,0.009928791,263
Brescia,, Italy,44.54,70.11,18.17,60.99,74.19,79.03,0.007231635,0.005163622,264
Aachen,, Germany,46.63,69.94,22.61,57.61,64.01,118.22,0.008518631,0.007895129,265
Kansas City, MO, United States,49.92,69.9,29.32,70.8,64.51,134.67,0.00990538,0.009558292,266
Doha,, Qatar,69.29,69.87,68.7,59.25,72.43,97.51,0.032011096,0.005620879,267
Marseille,, France,46.14,69.73,21.83,66.57,66.26,94.45,0.00368077,0.00247649,268
Mobile, AL, United States,47.37,69.53,24.51,74.84,66.25,123.62,0.008071711,0.00630539,269
Albuquerque, NM, United States,47.68,69.52,25.16,72.62,68.17,123.47,0.007525426,0.00606734,270
Liverpool,, United Kingdom,46.77,69.35,23.49,53.69,80.98,98.9,0.013249955,0.012587636,271
Kingston,, Jamaica,42.32,69.25,14.56,73.27,40.14,27.35,0.018806602,0.017789252,272
Taichung,, Taiwan,40.97,69,12.07,89.23,30.56,51.13,0.038176542,0.034521929,273
Belfast,, United Kingdom,45.73,68.51,22.25,63.53,76.9,96.37,0.006886069,0.005371987,274
Malta,, Malta,46.12,68.4,23.15,54.56,69.94,57.76,0.007567479,0.00751536,275
Dresden,, Germany,44.36,68.2,19.77,55.23,55.27,107.42,0.006285775,0.005747527,276
Barcelona,, Spain,49.29,68,30,58.54,64.74,70.89,0.003653255,0.00336279,277
Abu Dhabi,, United Arab Emirates,68.74,67.76,69.75,58.86,65.94,124.98,0.036707518,0.009399368,278
Madrid,, Spain,49.37,67.57,30.6,59.52,65.45,77.35,0.003320471,0.003067869,279
Oklahoma City, OK, United States,47.39,67.35,26.8,72.88,61.47,127.31,0.008792697,0.008064432,280
Bremen,, Germany,44.65,67.22,21.38,51.25,65.82,128.83,0.014882534,0.014171995,281
Beirut,, Lebanon,52.15,67.13,36.7,51.31,63.74,47.18,0.011389247,0.007632573,282
Knoxville, TN, United States,48.65,66.87,29.87,69.13,65.7,129.1,0.008161356,0.007972385,283
Accra,, Ghana,52.85,66.86,38.4,68.33,43.66,13.25,0.023712944,0.018246953,284
Leipzig,, Germany,43.39,66.65,19.4,51.09,60.34,84.79,0.004754721,0.004443076,285
Boise, ID, United States,47.31,66.58,27.45,67.43,67.32,108.08,0.004102839,0.003806959,286
College Station, TX, United States,49.84,66.43,32.74,75.55,59.93,100.41,0.004149941,0.004140194,287
Huntsville, AL, United States,47.71,66.34,28.5,70.03,63.59,132.14,0.009387476,0.009004602,288
Nicosia,, Cyprus,40.78,65.45,15.34,55.82,75.69,80.35,0.010605102,0.007857284,290
Tucson, AZ, United States,44.98,65.37,23.96,66.41,65.65,133.7,0.011055088,0.009753212,291
Kitchener,, Canada,45.59,64.9,25.68,61.13,61.39,110.51,0.005257937,0.005108493,292
Zaragoza (Saragossa),, Spain,40.08,64.59,14.82,56,58.6,67.12,0.004140964,0.002821229,293
Panama City,, Panama,49.18,64.58,33.31,68.4,55.38,31.18,0.011860699,0.010445443,294
San Antonio, TX, United States,50.28,64.53,35.59,64.35,64.45,151.28,0.016943377,0.016826296,295
Ljubljana,, Slovenia,41.91,64.38,18.75,55.71,52.85,62.86,0.002703558,0.002520754,296
Athens, GA, United States,44.69,63.81,24.98,61.12,69.13,115.33,0.007244318,0.006708314,297
Springfield, MO, United States,41.46,63.53,18.71,70.79,59.02,75,0.004538468,0.002839966,298
Athens,, Greece,38.37,63.17,12.8,52.05,62.51,46.02,0.008566221,0.007176568,299
San Jose,, Costa Rica,41.43,62.82,19.37,66.54,49.73,39.41,0.008252563,0.008020688,300
Reno, NV, United States,47.6,62.75,31.98,55.85,67.85,97.3,0.005958331,0.005614012,301
Sharjah,, United Arab Emirates,46.32,62.75,29.39,55.77,43.26,112.18,0.00923071,0.008603029,302
Limassol,, Cyprus,41.74,62.63,20.2,52.97,66.19,92.17,0.006394966,0.005828528,303
Heraklion,, Greece,36.77,62.54,10.19,56.69,56.83,52.8,0.006507549,0.003921408,304
Thessaloniki,, Greece,36.84,62.2,10.7,50.66,59.25,44.31,0.008375188,0.006698328,305
Amman,, Jordan,38.85,62.03,14.96,54.76,58.22,37.1,0.007973775,0.007322941,306
Manama,, Bahrain,45.3,60.68,29.45,60.98,54.76,75.45,0.002386688,0.002022441,307
Kaohsiung,, Taiwan,36.01,60.51,10.75,72.9,24.31,114.38,0.03086528,0.027528326,308
Valencia,, Spain,39.19,59.16,18.6,50.76,57.79,81.71,0.004141979,0.003835981,309
Buenos Aires,, Argentina,37.85,58.82,16.23,51.48,56.77,50.94,0.005117626,0.004765742,310
Rio De Janeiro,, Brazil,40.86,58.43,22.74,47.02,46.86,33.68,0.007086724,0.006349038,311
Sao Paulo,, Brazil,39.29,58.07,19.93,46.75,48.63,36.68,0.006257837,0.006075953,312
Campinas,, Brazil,36.17,57.97,13.69,46.96,44.39,55.63,0.00336879,0.00316596,313
Malaga,, Spain,38.76,57.64,19.29,47.94,56.68,84.51,0.004878329,0.004758728,314
Tallinn,, Estonia,37.1,57.45,16.11,44.73,57.92,62.36,0.006215393,0.005989997,315
Rijeka,, Croatia,34.78,57.26,11.61,49.86,43.71,42.67,0.004939332,0.004442958,316
Split,, Croatia,35.47,57.26,13,50.68,51.48,47.32,0.005012916,0.004359606,317
Granada,, Spain,35.85,56.89,14.16,51.56,48.33,79.88,0.003549872,0.002754955,318
Sevilla,, Spain,38.5,56.49,19.96,50.08,52.62,73.77,0.002960243,0.002941538,319
Brasilia,, Brazil,36.15,56.14,15.55,47.68,46.08,37.65,0.005453474,0.005438367,320
Shanghai,, China,47.02,55.96,37.81,63.59,39.6,62.84,0.010548355,0.006045999,321
Lisbon,, Portugal,40.75,55.94,25.08,46.75,48.16,55.22,0.004441423,0.003537269,322
Recife,, Brazil,34.71,55.91,12.85,50.49,41.71,36.38,0.005767425,0.005558775,323
Patras,, Greece,32.78,55.85,9,47.11,53.87,58.61,0.006081587,0.004241638,324
Zagreb,, Croatia,34.99,55.84,13.49,49.38,43.02,58.91,0.003174284,0.00285684,325
Cordoba,, Argentina,33.72,55.79,10.96,49.35,49.92,48.99,0.00503459,0.004044242,326
Muscat,, Oman,42.19,55.4,28.56,51.84,56.91,95.7,0.005086937,0.004714596,327
Irbil,, Iraq,36,55.36,16.03,46.87,56.19,39.83,0.007531201,0.007426309,328
Phuket,, Thailand,34.81,55.08,13.9,60.64,26.92,39.72,0.012802492,0.012683967,329
Santiago,, Chile,36.17,55.01,16.75,49.17,51.38,46.27,0.004724208,0.004664007,330
Makati,, Philippines,41.21,54.67,27.34,59.93,32.23,42.77,0.010967925,0.009348173,331
Santa Cruz De Tenerife,, Spain,35.93,54.66,16.62,46.85,55.47,81.53,0.005032916,0.004680844,332
Porto Alegre,, Brazil,34.52,54.54,13.87,45.96,41.83,41.31,0.004615807,0.004579259,333
Harare,, Zimbabwe,35.05,54.52,14.98,48.17,40.49,21.74,0.008632126,0.008626329,334
Santo Domingo,, Dominican Republic,33.88,54.17,12.95,47.65,49.69,22.44,0.009802026,0.009619511,335
Bangkok,, Thailand,39.64,54.15,24.69,63.28,25.35,39.66,0.016336341,0.015318349,336
Porto,, Portugal,36.23,53.77,18.14,46.12,42.47,58.5,0.003089759,0.003052464,337
Vilnius,, Lithuania,35.16,53.26,16.51,42.73,47.01,48.59,0.004714308,0.004708486,338
Riga,, Latvia,33.84,52.91,14.18,42.18,46.74,46.77,0.005004737,0.004970918,339
Coimbra,, Portugal,33.4,52.59,13.62,45.69,40.37,64.23,0.003181753,0.003040967,340
Tartu,, Estonia,33.71,52.4,14.43,41.83,49.1,66.49,0.004690691,0.00454962,341
Bratislava,, Slovakia,36.59,52.35,20.35,48.1,39.34,63.59,0.003220574,0.003022175,342
Florianopolis,, Brazil,33.59,52.18,14.42,41.98,42.34,34.58,0.005985494,0.005978575,343
Ad Dammam,, Saudi Arabia,32.57,52.16,12.37,46.92,32.72,124.08,0.017485846,0.01666616,344
Phnom Penh,, Cambodia,35.7,51.97,18.94,57.8,25.1,21.15,0.016098703,0.015687179,345
Dar Es Salaam,, Tanzania,38.84,51.94,25.33,38.81,34.51,16.12,0.013343764,0.00928512,346
Jeddah (Jiddah),, Saudi Arabia,33.98,51.93,15.47,43.53,32.99,98.53,0.00873026,0.008708413,347
Addis Ababa,, Ethiopia,37.33,51.69,22.52,46.34,23.65,13.03,0.015378531,0.012577049,348
Belo Horizonte,, Brazil,32.56,51.63,12.91,42.08,39.34,30.85,0.006303492,0.006303478,349
Braga,, Portugal,32.06,51.49,12.02,44.09,35.8,56.79,0.003611284,0.003501585,350
Shenzhen,, China,38.06,51.44,24.25,56.04,32.73,72.73,0.006652841,0.00609982,351
Baghdad,, Iraq,33.52,51.41,15.08,46.83,43.7,47.2,0.003910056,0.003881165,352
Al Khobar,, Saudi Arabia,33.51,51.36,15.12,47.22,33.67,135.53,0.021655844,0.021188411,353
San Salvador,, El Salvador,31.78,51.19,11.77,51.25,37.85,24.94,0.008576758,0.008398753,354
Guayaquil,, Ecuador,32.66,51.17,13.58,47.48,37.93,31.04,0.006396689,0.006388232,355
Kaunas,, Lithuania,31.11,51.08,10.52,41.34,44.05,47.89,0.004887935,0.004566869,356
Prague,, Czech Republic,36.75,50.87,22.19,45.88,36.59,67.23,0.004104085,0.003436179,357
Curitiba,, Brazil,31.81,50.86,12.16,40.9,41.68,43.74,0.004798538,0.004744257,358
Moscow,, Russia,41.72,50.74,32.41,40.37,54.24,51.46,0.011355207,0.00723533,359
Kosice,, Slovakia,33.13,50.6,15.11,46.73,30.46,51.54,0.004792642,0.004766427,360
Riyadh,, Saudi Arabia,33.92,50.38,16.94,44.23,34.94,113.64,0.012516259,0.01248762,361
Las Palmas,, Spain,33.81,50.18,16.93,44.24,49.45,72.51,0.004023673,0.00398138,362
Pretoria,, South Africa,32.74,49.89,15.06,43.49,43.4,90.54,0.005818639,0.00564692,363
Quito,, Ecuador,32.3,49.84,14.22,50.57,37.06,29.91,0.007185174,0.007175917,364
Jakarta,, Indonesia,35.8,49.44,21.74,55.49,27.68,35.1,0.011099448,0.010278527,365
Petaling Jaya,, Malaysia,30.67,48.72,12.07,59.09,22.34,56.2,0.013114669,0.012820053,366
Budapest,, Hungary,32.63,48.64,16.13,39.62,36,47.17,0.004437579,0.004223307,367
Guatemala City,, Guatemala,32.58,48.57,16.1,46.53,37.11,40.26,0.004835039,0.004787977,368
Penang,, Malaysia,29.43,48.13,10.15,56.59,25.17,61.43,0.010362028,0.00969083,369
Johannesburg,, South Africa,34.21,48.1,19.89,42.49,44.33,104.97,0.009055625,0.009044514,370
Osijek,, Croatia,27.89,47.98,7.17,41.88,33.68,52.9,0.004480369,0.003860522,371
Brno,, Czech Republic,32.42,47.67,16.69,43.94,32.88,65.2,0.004045712,0.003960181,372
Johor Bahru,, Malaysia,29.38,47.6,10.59,60.4,23.05,41.41,0.014934987,0.014475927,373
Chiang Mai,, Thailand,29.88,47.5,11.72,60.84,22.82,28.14,0.017444604,0.017265123,374
Beijing,, China,40.98,47.47,34.29,49.34,35.53,75.5,0.009118358,0.004178943,375
Istanbul,, Turkey,31.65,47.42,15.39,42.43,35.12,48.69,0.004024117,0.003953469,376
Kota Kinabalu,, Malaysia,28.1,47.02,8.6,57.47,23.36,38.2,0.013543697,0.012898965,377
Pattaya,, Thailand,32.27,47.02,17.05,53.16,29.3,22.82,0.011410008,0.01121,378
Cape Town,, South Africa,37.15,46.95,27.06,42.24,42.68,78.12,0.006098405,0.004312392,379
Kuala Lumpur,, Malaysia,32.23,46.67,17.35,49.88,28.78,68.39,0.005931065,0.005878739,380
Saint Petersburg,, Russia,33.2,46.66,19.33,39.01,46.68,46.63,0.006202048,0.005819103,381
Warsaw,, Poland,33.56,46.32,20.42,37.86,39.58,67.94,0.005214915,0.004553029,382
Lima,, Peru,32.56,46.2,18.5,43.24,34.7,35.35,0.006032268,0.005438821,383
Guangzhou,, China,32.14,45.28,18.6,46.84,28.8,69.15,0.00563798,0.005382757,384
Bali,, Indonesia,27,45.08,8.35,52.25,25.27,25.3,0.011908289,0.011585123,385
Ulaanbaatar,, Mongolia,31.35,44.95,17.33,43.45,29.3,29.97,0.007498559,0.006852325,386
Gdansk,, Poland,30.24,44.92,15.1,35.33,35.43,68.69,0.005234099,0.005129658,387
Selangor,, Malaysia,27.72,44.81,10.11,51.21,20.33,84.16,0.012648076,0.012185526,388
Hanoi,, Vietnam,30.33,44.77,15.45,43.69,24.2,19.51,0.010553956,0.009945966,389
Cuenca,, Ecuador,27.79,44.51,10.55,46.4,28.99,33.91,0.006892215,0.006840643,390
Durban,, South Africa,30.14,44.5,15.34,39.04,40.28,83.21,0.005774563,0.00577183,391
Wroclaw,, Poland,31.03,44.39,17.27,37.03,37.09,58.58,0.004670205,0.004329029,392
Debrecen,, Hungary,27.09,44.35,9.3,38.71,31.82,38.08,0.005200959,0.005160252,393
Nairobi,, Kenya,29.13,44.15,13.66,42.8,35.64,22.27,0.007986936,0.007927893,394
Krakow (Cracow),, Poland,30.73,44.1,16.94,36.13,35.59,67.86,0.005146009,0.004859078,395
Ho Chi Minh City,, Vietnam,31,44.06,17.54,49.01,21.11,33.18,0.011015062,0.010362322,396
Gdynia,, Poland,28.57,43.79,12.88,36.82,34.21,63.58,0.004462231,0.004459538,397
Olomouc,, Czech Republic,28.14,43.74,12.05,42.36,29.58,70.25,0.004979302,0.004936276,398
Cebu,, Philippines,28.07,43.57,12.09,45.73,24.44,21.97,0.01002626,0.009973005,399
Podgorica,, Montenegro,27.65,43.48,11.33,36.48,36.03,43.96,0.004914378,0.004914159,400
Bydgoszcz,, Poland,28.75,43.3,13.75,35.28,36.28,56.7,0.00474512,0.004691945,401
Poznan,, Poland,28.88,43.29,14.03,37.26,35.33,62.53,0.004343923,0.004317079,402
Ostrava,, Czech Republic,26.89,43.2,10.07,39.47,30.57,67.9,0.004798803,0.004669718,403
Ankara,, Turkey,25.88,43.18,8.05,39.63,32.59,52.67,0.004363711,0.00405966,404
Tehran,, Iran,31.95,42.67,20.89,40.02,32.72,36.85,0.006817483,0.005251281,405
Rabat,, Morocco,27.54,42.62,11.99,39.14,26.74,36.19,0.005923591,0.00583984,406
Manila,, Philippines,31.2,42.59,19.46,40.91,27.72,39.66,0.006773397,0.005471412,407
Lodz,, Poland,27.5,42.58,11.96,34.4,33.61,59.73,0.004844452,0.004838505,408
Surabaya,, Indonesia,25.97,42.58,8.85,49.19,19.25,29.89,0.011847296,0.01178073,409
Bucharest,, Romania,27.82,42.28,12.91,35.5,38.81,50.74,0.005023073,0.005014024,410
Szczecin,, Poland,27.21,42.21,11.76,34.7,32.29,55.8,0.004695622,0.004683566,411
Kigali,, Rwanda,27.9,42.06,13.31,33.99,29.58,24.21,0.00789348,0.007412831,412
Yekaterinburg,, Russia,27.08,41.93,11.76,37.88,35.4,44.02,0.004655521,0.004655512,413
Sarajevo,, Bosnia And Herzegovina,25.75,41.89,9.1,36.48,30.47,42.32,0.004946581,0.004926861,414
Sofia,, Bulgaria,26.89,41.76,11.55,37.17,32.5,51.44,0.004326571,0.004326264,415
Izmir,, Turkey,25.36,41.69,8.53,38.49,29.08,43.99,0.00489611,0.004822631,416
Belgrade,, Serbia,26.49,41.52,10.99,31.44,38.05,34.83,0.007444617,0.007417529,417
Antalya,, Turkey,24.38,41.27,6.96,36.99,29.47,50.86,0.004776578,0.004537637,418
Bursa,, Turkey,24.25,41.2,6.77,36.96,28.29,55.71,0.004919289,0.004645798,419
Lublin,, Poland,27.87,41.13,14.2,33.97,31.92,50.16,0.005128825,0.00486038,420
Monterrey,, Mexico,26.73,40.8,12.23,38.81,38.31,76.85,0.005120545,0.005004394,421
Mexico City,, Mexico,29.38,40.77,17.64,39,36.19,54.57,0.004341273,0.003963251,422
Katowice,, Poland,26.03,40.31,11.3,33.87,30.72,74.06,0.006195289,0.006194021,423
Algiers,, Algeria,24.99,40.25,9.26,42.91,26.67,28.61,0.007458986,0.007436983,424
Varna,, Bulgaria,24.4,40.18,8.13,36.77,32.69,43.91,0.004868408,0.004743297,425
Lagos,, Nigeria,29.28,39.86,18.37,41.47,20.83,19.04,0.01205915,0.010246754,426
Cluj-napoca,, Romania,26.36,39.79,12.51,34.83,31.6,50.24,0.004778325,0.004704992,427
Astana,, Kazakhstan,27.99,39.45,16.19,33.98,41.37,36.81,0.007579111,0.007172677,428
Novosibirsk,, Russia,26.08,39.43,12.32,36.1,32.49,40.85,0.005130435,0.005065831,429
Banja Luka,, Bosnia And Herzegovina,23.26,39.28,6.75,33.45,27.43,42.4,0.005379358,0.005318648,430
Casablanca,, Morocco,27.18,39.22,14.77,36.32,26.28,46.84,0.00550798,0.005040572,431
Colombo,, Sri Lanka,25.48,39.21,11.33,43.32,23.41,22.62,0.009434265,0.00937242,432
Timisoara,, Romania,24.59,38.84,9.89,33.8,31.98,52.1,0.004865693,0.004862251,433
Sibiu,, Romania,23.62,38.79,7.97,33.21,32.16,39.29,0.005652178,0.005620107,434
Bandung,, Indonesia,22.46,38.74,5.67,47.12,17.24,28.7,0.012199411,0.011921068,435
Plovdiv,, Bulgaria,22.99,38.72,6.77,35.02,29.91,41.87,0.005242972,0.005106904,436
Tirana,, Albania,24.39,38.65,9.7,32.47,30.28,32,0.006451479,0.006414447,437
Medan,, Indonesia,21.86,38.57,4.63,43.23,20.68,39.89,0.008199731,0.007705358,438
Iasi,, Romania,24.13,38.51,9.31,32.17,32.57,45.67,0.005429392,0.005428499,439
Bogota,, Colombia,26.14,38.18,13.71,33.56,27.58,33.71,0.006582859,0.006044534,440
Chengdu,, China,24.88,38.13,11.22,36.53,27.48,69.81,0.00562653,0.005625908,441
Cancun,, Mexico,24.14,38.03,9.82,31.65,37.58,56.32,0.005993488,0.005963411,442
Novi Sad,, Serbia,22.65,37.94,6.88,30.73,27.72,35.97,0.006145944,0.006140558,443
Almaty,, Kazakhstan,25.48,37.78,12.8,31.42,37.37,42.26,0.006635896,0.006509366,444
Queretaro,, Mexico,23.88,37.59,9.75,36.97,32.48,53.6,0.004363273,0.004310866,445
Skopje,, Macedonia,23.01,37.33,8.26,30.52,27.99,37.51,0.006058865,0.006049883,446
Brasov,, Romania,22.93,36.88,8.56,31.56,30.7,59.73,0.005536197,0.005504944,447
Tijuana,, Mexico,23.27,36.87,9.25,35.46,33.83,43.13,0.005044399,0.00501214,448
Caracas,, Venezuela,23.45,36.75,9.74,39.15,34.73,2.96,0.013258347,0.013253688,449
Dhaka,, Bangladesh,21.82,36.56,6.63,35.32,25.78,34.68,0.006028093,0.005978484,450
Merida,, Mexico,22.61,36.53,8.27,37.5,28.53,32.08,0.006110096,0.006088737,451
Guadalajara,, Mexico,22.72,36.49,8.53,37.24,32.25,52.24,0.004452735,0.004307449,452
Asuncion,, Paraguay,23.71,36.46,10.55,32.08,26.31,31.67,0.006609053,0.006423534,453
Kampala,, Uganda,22.47,36.4,8.11,32.58,25.13,19.34,0.008391146,0.008337249,454
Yogyakarta,, Indonesia,20.95,36.17,5.26,40.1,15.12,29.97,0.009949273,0.009882899,455
Puerto Vallarta,, Mexico,23.51,36.15,10.49,36.4,32.64,53.34,0.004403252,0.004390805,456
Minsk,, Belarus,24.16,36.11,11.84,30.07,39.17,34.58,0.008295353,0.008204417,457
Yerevan,, Armenia,23.12,36.07,9.77,29.56,32.57,31.13,0.007423453,0.00735513,458
Gurgaon,, India,23.37,36.05,10.3,35.31,31.73,98.51,0.010871468,0.010653917,459
Puebla,, Mexico,21.88,35.58,7.75,31.68,30.56,43.28,0.005555456,0.005536153,460
Arad,, Romania,21.96,35.12,8.38,30.37,25.3,60.36,0.00603291,0.006032783,461
Quezon City,, Philippines,21.33,35.03,7.21,32.87,19.64,25.99,0.007776846,0.007739047,462
Kathmandu,, Nepal,19.98,34.89,4.61,33.47,19.83,23.2,0.008191021,0.008168353,463
Nis,, Serbia,19.99,34.55,4.98,27.09,28.29,34.19,0.007115357,0.007083419,464
Medellin,, Colombia,21.9,34.3,9.12,31.56,25.58,29.91,0.00678356,0.006693967,465
Islamabad,, Pakistan,21.77,34.06,9.1,31.86,23.75,32.41,0.00657007,0.006472153,466
Craiova,, Romania,20.07,33.71,6,28.93,24.15,50.73,0.005999455,0.005976944,467
Odesa,, Ukraine,22.39,33.6,10.83,24.64,28.77,26.62,0.009224833,0.008680177,468
Chisinau,, Moldova,21.47,33.4,9.18,27.81,23.21,27.77,0.007657967,0.007367696,469
Davao,, Philippines,20.22,33.33,6.7,33.26,16.53,27.93,0.008179814,0.008147338,470
Tbilisi,, Georgia,21.97,33.12,10.47,28.09,32.16,26.68,0.008512855,0.008299876,471
Mumbai,, India,27.88,32.93,22.66,35.65,23.74,61.47,0.008556463,0.005718597,472
Baku,, Azerbaijan,22.04,32.77,10.98,29.42,32.71,25.32,0.008498433,0.008274891,473
Delhi,, India,21.44,32.66,9.87,32.63,25.61,67.67,0.006232459,0.006231975,474
Cali,, Colombia,19.89,32.41,6.99,28.66,23.43,36.33,0.006455426,0.006436694,475
Noida,, India,19.87,32.37,6.98,33.82,22.36,85.35,0.009879234,0.009657929,476
Lahore,, Pakistan,19.35,32.29,6,28.98,28.36,45.85,0.00598976,0.00593949,477
Ludhiana,, India,18.33,31.92,4.32,32.07,23.12,53.04,0.00592928,0.005692909,478
Valenzuela,, Philippines,17.59,31.62,3.13,34.76,14.27,31.17,0.008771701,0.008673452,479
Kiev,, Ukraine,22.57,31.28,13.59,24.51,24.4,28.42,0.009396478,0.007936013,480
Pune,, India,19.26,30.52,7.64,32.76,21.64,88.48,0.010876802,0.010754293,481
Bangalore,, India,19.98,30.24,9.41,32.95,19.57,86.79,0.010948083,0.010945161,482
Tunis,, Tunisia,18.4,29.93,6.51,28.94,20.42,32.94,0.006891713,0.006861041,483
Thane,, India,19.34,29.83,8.51,31.74,20.03,51.96,0.006251651,0.006222777,484
Navi Mumbai,, India,19.72,29.41,9.72,31.29,20.53,73.3,0.008177885,0.00815698,485
Pristina,, Kosovo (Disputed Territory),19.3,29.4,8.9,26.65,22.28,52.71,0.006739162,0.006614125,486
Karachi,, Pakistan,18.46,29.11,7.48,29.16,21.44,35.72,0.006598275,0.006540112,487
Ahmedabad,, India,17.97,28.95,6.65,31.25,21.09,57.06,0.006285206,0.00626872,488
Chandigarh,, India,17.79,28.94,6.31,30.74,19.97,64.7,0.007223577,0.007187672,489
Chennai,, India,18.1,28.78,7.09,31.45,18.75,71.99,0.008413969,0.008392621,490
Goa,, India,18.2,28.52,7.57,30.98,20.94,49.66,0.00606142,0.006056224,491
Surat,, India,16.67,28.47,4.5,30.17,21.43,55.55,0.00637648,0.006244325,492
Kolkata,, India,17.79,28.28,6.97,29.91,22.74,47.99,0.005914547,0.005914546,493
Dnipropetrovsk,, Ukraine,17.77,28.09,7.13,22.74,20.69,31.03,0.008159549,0.00789911,494
Lucknow (Lakhnau),, India,16.52,28.07,4.6,29,18.03,53.68,0.006911481,0.006873537,495
Jaipur,, India,16.45,27.92,4.62,29.81,16.61,65.05,0.008229091,0.008147631,496
Kharkiv,, Ukraine,19.03,27.85,9.94,22.03,19.26,22.54,0.009906247,0.008864942,497
Vadodara,, India,15.76,27.31,3.85,31.5,16.06,67.23,0.008714223,0.00850527,498
Nagpur,, India,16.19,27.18,4.86,29.35,19.34,68.56,0.008102793,0.007986221,499
Indore,, India,15.82,27.01,4.28,26.64,16.98,44.2,0.007022463,0.007021475,500
Lviv,, Ukraine,17.87,26.97,8.48,22.66,17.35,22.69,0.009465508,0.008734105,501
Hyderabad,, India,16.69,26.87,6.2,28.95,17.66,65.47,0.008018185,0.008012274,502
Mysore,, India,15.54,26.23,4.52,32.03,13.28,35.53,0.008202934,0.008201712,503
Cairo,, Egypt,15.83,26.19,5.14,23.3,22.47,23.96,0.008649875,0.008591766,504
Visakhapatnam,, India,15.51,25.57,5.14,28.4,16.13,53.78,0.00733868,0.007336252,505
Kochi,, India,15.93,25.4,6.18,28.26,14.41,60.04,0.008304432,0.0082973,506
Bhubaneswar,, India,15.06,25.24,4.57,28.87,14.71,52.38,0.007596335,0.007587997,507
Coimbatore,, India,15.37,24.83,5.61,26.31,15.29,47.01,0.007420334,0.007388879,508
Alexandria,, Egypt,14.96,24.54,5.09,23.5,17.66,21.42,0.008921889,0.008777042,509
Mangalore,, India,14.56,23.17,5.68,23.88,12.61,95.97,0.017638369,0.017632662,510
Thiruvananthapuram,, India,13.59,21.75,5.17,23.72,12.12,62.76,0.00974965,0.0097208,511
